Workbook

Sheet 요약
B2: 픽스업 스튜디오
B3: 디지털 진단 리포트 · 요약
B4: 네이버 · 인스타그램 · 카카오톡 통합 진단
B6: 업체명
B7: 업종
B8: 진단일
B9: 담당자
B11: 카테고리 | C11: 점수 (100점) | D11: 비중 | E11: 등급
B12: 네이버 (플레이스+블로그) | C12: =IFERROR(AVERAGE(진단!D6:D10)/5*100,0) -> 0 | D12: =설정!B3 -> 0.3 | E12: =IF(C12>=80,"🟢 좋음",IF(C12>=50,"🟡 개선 필요","🔴 시급")) -> 🔴 시급
B13: 인스타그램 | C13: =IFERROR(AVERAGE(진단!D11:D15)/5*100,0) -> 0 | D13: =설정!B4 -> 0.25 | E13: =IF(C13>=80,"🟢 좋음",IF(C13>=50,"🟡 개선 필요","🔴 시급")) -> 🔴 시급
B14: 카카오톡 | C14: =IFERROR(AVERAGE(진단!D16:D18)/5*100,0) -> 0 | D14: =설정!B5 -> 0.25 | E14: =IF(C14>=80,"🟢 좋음",IF(C14>=50,"🟡 개선 필요","🔴 시급")) -> 🔴 시급
B15: 구매까지의 길 | C15: =IFERROR(AVERAGE(진단!D19:D20)/5*100,0) -> 0 | D15: =설정!B6 -> 0.2 | E15: =IF(C15>=80,"🟢 좋음",IF(C15>=50,"🟡 개선 필요","🔴 시급")) -> 🔴 시급
B17: 종합 점수 | C17: =SUMPRODUCT(C12:C15,D12:D15) -> 0 | E17: =IF(C17>=80,"🟢 좋음",IF(C17>=50,"🟡 개선 필요","🔴 시급")) -> 🔴 시급
B19: 등급 기준: 🟢 80점+ 좋음 · 🟡 50–79 개선 필요 · 🔴 50점 미만 시급
B20: 점수는 '진단' 시트 입력 기준 자동 계산. 가중치는 '설정' 시트에서 조정 가능.

Sheet 진단
B2: 픽스업 스튜디오 · 디지털 진단 입력표
B3: 각 항목을 0~5점으로 평가하고 메모를 남기세요. (0=없음/심각, 5=완벽)
B5: 카테고리 | C5: 항목 | D5: 점수 (0-5) | E5: 메모
B6: 네이버 | C6: 대표 사진 품질 (첫인상)
C7: 키워드·업종 최적화
C8: 정보 최신화 (영업시간·주소·메뉴)
C9: 리뷰 수·응답 관리
C10: 블로그 활동 (포스팅 빈도)
B11: 인스타그램 | C11: 프로필·바이오·CTA
C12: 링크인바이오 활용도
C13: 게시 일관성 (꾸준함)
C14: 비주얼 퀄리티
C15: 하이라이트 정리
B16: 카카오톡 | C16: 채널 개설·운영
C17: 알림톡 설정
C18: 고객·단골 확보 (DB)
B19: 구매까지의 길 | C19: 구매·예약 경로의 명확성
C20: DM·문의 응답 속도

Sheet 실행플랜
B2: 픽스업 스튜디오 · 우선순위 실행 플랜
B3: 우선순위 점수가 높은 항목(=낮은 점수)부터 실행하세요. 표를 '우선순위' 기준 내림차순 정렬.
B5: 우선순위 | C5: 카테고리 | D5: 항목 | E5: 점수 | F5: 권장 조치 (작성)
B6: =5-진단!D6 -> 5 | C6: 네이버 | D6: =진단!C6 -> 대표 사진 품질 (첫인상) | E6: =진단!D6 -> 0
B7: =5-진단!D7 -> 5 | C7: 네이버 | D7: =진단!C7 -> 키워드·업종 최적화 | E7: =진단!D7 -> 0
B8: =5-진단!D8 -> 5 | C8: 네이버 | D8: =진단!C8 -> 정보 최신화 (영업시간·주소·메뉴) | E8: =진단!D8 -> 0
B9: =5-진단!D9 -> 5 | C9: 네이버 | D9: =진단!C9 -> 리뷰 수·응답 관리 | E9: =진단!D9 -> 0
B10: =5-진단!D10 -> 5 | C10: 네이버 | D10: =진단!C10 -> 블로그 활동 (포스팅 빈도) | E10: =진단!D10 -> 0
B11: =5-진단!D11 -> 5 | C11: 인스타그램 | D11: =진단!C11 -> 프로필·바이오·CTA | E11: =진단!D11 -> 0
B12: =5-진단!D12 -> 5 | C12: 인스타그램 | D12: =진단!C12 -> 링크인바이오 활용도 | E12: =진단!D12 -> 0
B13: =5-진단!D13 -> 5 | C13: 인스타그램 | D13: =진단!C13 -> 게시 일관성 (꾸준함) | E13: =진단!D13 -> 0
B14: =5-진단!D14 -> 5 | C14: 인스타그램 | D14: =진단!C14 -> 비주얼 퀄리티 | E14: =진단!D14 -> 0
B15: =5-진단!D15 -> 5 | C15: 인스타그램 | D15: =진단!C15 -> 하이라이트 정리 | E15: =진단!D15 -> 0
B16: =5-진단!D16 -> 5 | C16: 카카오톡 | D16: =진단!C16 -> 채널 개설·운영 | E16: =진단!D16 -> 0
B17: =5-진단!D17 -> 5 | C17: 카카오톡 | D17: =진단!C17 -> 알림톡 설정 | E17: =진단!D17 -> 0
... B20: =5-진단!D20 -> 5 | C20: 구매까지의 길 | D20: =진단!C20 -> DM·문의 응답 속도 | E20: =진단!D20 -> 0

Sheet 설정
A1: 설정 · 카테고리 가중치
A2: 합계는 100% 여야 합니다.
A3: 네이버 | B3: 0.3
A4: 인스타그램 | B4: 0.25
A5: 카카오톡 | B5: 0.25
A6: 구매까지의 길 | B6: 0.2
A7: 합계 | B7: =SUM(B3:B6) -> 1
